Athiva Soluções Digitais,Athiva Soluções Digitais.html
Base 5,Base 5.html
Bemind,Bemind.html
BisaWeb Tecnologia,BisaWeb Tecnologia.html
Citatti,Citatti.html
CMTECH,CMTECH.html
CORPTECH,CORPTECH.html
Educandus,Educandus.html
Elcoma Networks,Elcoma Networks.html
Emprel,Emprel.html
Facilit,Facilit.html
GCINET,GCINET.html
Imply Studio,Imply Studio.html
In Forma Software,In Forma Software.html
INCORP TECHNOLOGY,INCORP TECHNOLOGY.html
Info Rio Sistemas,Info Rio Sistemas.html
Inforpartner,Inforpartner.html
INFOX Tecnologia da Informação,INFOX Tecnologia da Informação.html
Inhalt,Inhalt.html
IVIA,IVIA.html
Joystreet,Joystreet.html
Kurier Tecnologia,Kurier Tecnologia.html
Labdesign,Labdesign.html
Libro,Libro.html
Locaweb,Locaweb.html
Mabuya Tech,Mabuya Tech.html
Manifesto Games Studio,Manifesto Games Studio.html
Maturi,Maturi.html
Midiavox,Midiavox.html
Muma,Muma.html
NCTI,NCTI.html
Neurotech,Neurotech.html
Orube Tecnologia,Orube Tecnologia.html
Partec,Partec.html
Phoebus,Phoebus.html
Pitang,Pitang.html
Preservtec,Preservtec.html
PROCENGE,PROCENGE.html
Qualinfo,Qualinfo.html
Raid Hut Games,Raid Hut Games.html
RH3,RH3.html
Ribeiro,Ribeiro.html
Serttel,Serttel.html
SIGRA,SIGRA.html
Smart,Smart.html
Sodet,Sodet.html
Suporte Gerencial,Suporte Gerencial.html
SURFIX,SURFIX.html
SWQuality,SWQuality.html
TaurusTech,TaurusTech.html
Tec Soluções,Tec Soluções.html
Teleport,Teleport.html
Tributus Informática,Tributus Informática.html
Urja Social,Urja Social.html
VC2,VC2.html
Vectra Consultoria,Vectra Consultoria.html